Day,Open,High,Low,Close,Adj Close,Volume
0,533.1304,535.546,532.8583,535.5302,535.5302,2900841859
1,537.997,541.2914,537.9811,541.0302,541.0302,3359203336
2,539.6265,541.607,539.5789,540.5552,540.5552,3572601037
3,543.9583,546.3721,543.2792,546.3123,546.3123,3115107018
4,546.0371,547.1998,545.0277,547.0405,547.0405,2983617301
5,548.3217,549.9142,547.6661,548.3497,548.3497,3060930719
6,545.8595,546.9032,543.9727,546.3923,546.3923,3129433040
7,547.2101,550.1102,547.1724,550.1102,550.1102,3539259635
8,549.1675,552.6705,549.0604,552.3513,552.3513,2989584295
9,555.0236,556.725,549.0112,550.554,550.554,4126054837
10,554.6089,558.9999,553.2925,558.1078,558.1078,3611737883
11,557.0134,557.6952,555.0576,556.1448,556.1448,3530061402
12,554.9177,556.4482,554.0227,556.4423,556.4423,3398691865
13,558.7285,563.4762,558.5217,563.4642,563.4642,3333472633
14,560.8104,562.2327,559.9282,561.6175,561.6175,3221551203
15,562.799,564.2923,558.7225,561.2404,561.2404,3493089522
16,564.9571,565.4176,561.9202,563.5697,563.5697,3415927861
17,565.9016,570.9476,565.6433,570.9476,570.9476,3086647035
18,573.4535,574.1315,570.3035,570.7135,570.7135,3108030657
19,565.7917,566.7924,562.9016,563.7325,563.7325,3674746499
20,564.3471,565.7119,560.4877,562.6336,562.6336,3966375069
21,558.1886,562.0553,557.4454,559.2846,559.2846,3505556752
22,559.0908,559.0908,549.3478,549.7777,549.7777,3730782853
23,546.37,550.8209,525.8611,528.0079,528.0079,5519524977
24,521.7442,538.9562,517.4122,537.7789,537.7789,5200887948
25,536.2423,543.5598,534.3253,534.3911,534.3911,4300771567
26,533.25,533.3016,512.506,512.5933,512.5933,5217396468
27,517.9375,525.2812,504.1837,521.475,521.475,5647719086
28,523.0669,530.1806,520.2301,526.8856,526.8856,3411075837
29,523.6569,528.1232,521.8384,526.9557,526.9557,3107084787
30,529.4366,539.5992,528.9693,538.9062,538.9062,3596705279
31,543.1934,546.8068,538.4611,546.7447,546.7447,3592885545
32,543.0609,548.4932,542.6567,544.0725,544.0725,3716721958
33,542.019,544.9272,538.7884,540.6794,540.6794,3358747693
34,543.9989,549.4418,540.1516,540.1597,540.1597,3402821465
35,537.9001,542.036,535.3897,536.6181,536.6181,3765356798
36,541.8989,548.276,541.4878,548.1843,548.1843,3029226764
37,549.7413,554.3806,549.0255,554.1733,554.1733,3110060186
38,550.3651,552.0872,543.1937,543.2056,543.2056,3409235741
39,551.6314,553.1818,543.5706,543.6287,543.6287,4106587474
40,538.144,541.2497,527.1303,530.7018,530.7018,4168800506
41,529.9062,537.3519,527.6003,536.3554,536.3554,3416510587
42,534.1974,543.5681,533.1394,542.1434,542.1434,3550737031
43,542.7918,543.1696,539.0303,542.3823,542.3823,3103322187
44,535.9655,540.0038,534.2965,539.2523,539.2523,3186258857
45,543.8349,545.3673,541.8249,545.0727,545.0727,2925257216
46,549.1824,555.8973,548.9091,555.8973,555.8973,3083269658
47,554.8916,556.1721,552.6486,553.3962,553.3962,2974944758
48,555.0485,556.9548,548.3636,549.6815,549.6815,3081441958
49,551.9904,552.5973,546.0845,547.0994,547.0994,3176541255
50,548.198,549.9415,545.6503,546.8167,546.8167,3535599463
51,549.0818,551.3336,548.962,549.3693,549.3693,4954171263
52,545.9092,545.9092,536.5916,540.2418,540.2418,3093293145
53,537.796,539.6123,536.8056,538.1703,538.1703,3040939145
54,539.86,544.6621,538.826,539.2515,539.2515,3288529137
55,533.8951,534.752,524.022,524.4386,524.4386,3487061307
56,526.8326,529.0142,514.7262,515.198,515.198,3851906640
57,518.4679,526.7833,514.9961,526.2271,526.2271,3155563441
58,527.7219,529.1483,513.5871,516.8512,516.8512,3554257005
59,515.845,520.0625,512.2418,514.6004,514.6004,3594756413
60,517.9653,526.8133,517.0361,523.2075,523.2075,3230988640
61,524.5994,525.5656,508.7327,514.3263,514.3263,3366895823
62,515.6966,521.0621,512.3782,520.1291,520.1291,3277800536
63,512.5351,525.5903,510.4664,524.5648,524.5648,3003547131
64,529.1759,532.1071,527.6266,530.2671,530.2671,3042978813
65,527.5228,529.7279,515.6497,519.2784,519.2784,3156493767
66,520.9487,528.1882,519.6768,520.1485,520.1485,2802312194
67,524.7705,530.1487,524.2475,528.4422,528.4422,3193536013
68,527.2759,530.7739,526.3506,526.9369,526.9369,2715183050
69,530.0156,534.1877,530.0156,532.0447,532.0447,2832165222
70,530.8621,531.5284,524.5459,526.7769,526.7769,2855900793
71,530.0158,533.2692,529.0352,531.5522,531.5522,2570962945
72,535.6189,539.7166,535.4817,538.3341,538.3341,2860701893
73,539.7951,541.265,538.5043,539.5022,539.5022,3003799130
74,540.1913,540.5273,536.3396,538.5854,538.5854,3048611894
75,535.46,535.7344,529.1062,531.0014,531.0014,3240387860
76,530.6987,532.1785,527.2452,529.6851,529.6851,2884982631
77,537.1507,537.7017,524.4312,527.8856,527.8856,3311232720
78,522.7507,524.8101,518.3365,523.6395,523.6395,3387587741
79,527.5287,532.4684,526.6354,530.5705,530.5705,3129256754
80,536.1973,536.5741,532.8985,535.083,535.083,3057718720
81,536.139,536.2109,529.2496,529.2516,529.2516,3544522014
82,522.3228,524.7556,518.8545,524.6628,524.6628,3197029613
83,527.7481,529.0664,523.2664,524.0558,524.0558,3553091065
84,521.1167,522.9132,514.482,521.4439,521.4439,3540052430
85,520.381,530.2032,519.1642,528.7124,528.7124,3247168595
86,531.9603,532.5577,528.8562,530.43,530.43,2904136381
87,530.5247,531.7327,527.5326,530.8545,530.8545,2994324843
88,530.6587,535.2458,529.8701,534.5563,534.5563,3707317258
89,535.6768,539.8532,535.5817,539.2512,539.2512,3020243994
90,539.8407,541.8552,538.7997,540.836,540.836,2609029098
91,547.6348,548.3607,545.035,545.9669,545.9669,2581480162
92,538.3901,538.3901,535.0867,536.976,536.976,2997817680
93,540.5632,543.5803,540.4735,542.5241,542.5241,2924807633
94,542.4446,544.8879,540.7793,542.5284,542.5284,3321838015
95,538.5404,538.9665,536.9212,537.6723,537.6723,3017649275
96,543.1877,543.9423,541.2635,542.7151,542.7151,2463404609
97,545.0813,545.8576,541.8048,542.3144,542.3144,3141447651
98,538.5663,542.4061,537.6852,542.3982,542.3982,3122305648
99,544.5314,544.7368,539.8337,543.8974,543.8974,2975783271
100,541.9434,542.6916,540.2302,541.4917,541.4917,2781863412
101,536.5033,537.606,530.8906,533.4788,533.4788,3773912001
102,538.8355,544.2011,538.8355,543.1383,543.1383,2912539662
103,540.407,540.7089,536.3752,537.2869,537.2869,4101895223
104,537.3486,540.9518,537.3486,540.4952,540.4952,3425995674
105,545.7495,547.2405,545.5246,546.7847,546.7847,3241046757
106,546.7287,547.5543,544.9484,546.7963,546.7963,3318215913
107,548.4628,552.2756,547.5086,552.2677,552.2677,3366626674
108,553.0422,554.0506,550.1163,552.1513,552.1513,3576063937
109,552.7662,555.4742,552.3165,555.4022,555.4022,2912819338
110,550.8677,552.8551,550.8657,551.2284,551.2284,2964778693
111,552.6944,553.5277,551.3412,552.9424,552.9424,3325758230
112,552.67,553.3698,550.0355,550.2297,550.2297,3690745358
113,552.6276,553.7891,551.2992,552.4846,552.4846,3055967043
114,548.5695,549.5629,545.3999,548.9408,548.9408,5170838344
115,550.3281,552.1586,548.603,551.9119,551.9119,2957575088
116,545.8413,548.4276,544.0919,547.9397,547.9397,3302351450
117,550.9895,552.01,549.8317,550.5101,550.5101,2952229762
118,548.8794,548.8794,543.9461,545.0105,545.0105,3306301040
119,546.6876,547.3569,545.0816,545.5173,545.5173,4813830243
120,543.2711,543.2711,534.503,538.1473,538.1473,3801190882
121,538.1869,540.3201,536.8978,538.3727,538.3727,3148981053
122,545.0731,548.5971,539.2656,539.3156,539.3156,3545314846
123,534.9996,540.0846,533.6713,538.4927,538.4927,3163908224
124,541.1164,544.317,539.3108,539.3783,539.3783,3180277630
125,534.4852,538.8935,533.2996,538.7848,538.7848,2636760461
126,542.2717,542.9284,537.8852,538.2939,538.2939,1686488913
127,540.2855,542.9907,538.6652,542.7488,542.7488,2650347925
128,540.1742,545.4483,539.3534,544.5427,544.5427,2543522239
129,549.2967,551.0837,548.329,550.9888,550.9888,2793327717
130,554.1648,555.5598,553.7037,555.2141,555.2141,3002123629
131,548.0999,549.3006,546.3155,546.9563,546.9563,2800150724
132,551.381,554.5667,551.0621,554.3825,554.3825,2669327814
133,552.6883,554.1901,551.6528,553.5538,553.5538,2401831797
134,554.7553,555.5148,553.9679,554.9674,554.9674,2442841938
135,557.1037,562.0669,557.0837,561.1402,561.1402,2821398791
136,556.9431,558.0148,555.8614,557.789,557.789,2727126785
137,557.0581,557.5895,555.1545,556.0904,556.0904,2762046594
138,556.857,557.8795,555.9555,556.3169,556.3169,2965320528
139,553.725,555.5925,552.9278,555.27,555.27,2342856504
140,562.4643,564.3208,560.558,562.4084,562.4084,3002700288
141,562.6314,568.6816,562.6314,568.2902,568.2902,3065851093
142,562.9744,564.9757,562.9287,563.3615,563.3615,3191570543
143,564.0336,564.1963,557.2847,559.3644,559.3644,3206230931
144,556.746,557.2872,552.6203,553.5071,553.5071,2885001477
145,554.0765,556.9813,553.7472,555.3701,555.3701,3513399916
146,557.8047,558.7261,554.7757,556.2606,556.2606,3231254224
147,550.8985,556.6878,550.0841,556.1586,556.1586,3018546451
148,558.2379,560.3606,557.794,560.3548,560.3548,2817364215
149,559.6787,562.2404,558.8294,561.6709,561.6709,2727193022
150,565.8373,567.3253,565.8373,566.3386,566.3386,2841481121
151,566.7106,567.8314,565.9766,566.8911,566.8911,2884040786
152,566.3378,567.3863,565.3051,565.6222,565.6222,2911600910
153,560.5751,561.2267,557.9904,559.4654,559.4654,2924120953
154,557.9255,559.4879,554.8599,555.2633,555.2633,2863150588
155,559.8192,562.8342,559.5619,562.2106,562.2106,2808247330
156,555.0681,555.0681,550.0709,553.1878,553.1878,3518352022
157,560.4143,564.1848,560.4143,562.2451,562.2451,2961257108
158,560.5114,563.9298,559.605,562.8436,562.8436,2796374104
159,565.2864,566.4412,564.6308,565.9044,565.9044,2309658558
160,564.3901,566.7017,564.3526,564.6761,564.6761,2827905116
161,562.7793,564.0677,561.8076,562.9426,562.9426,2466632347
162,568.2272,569.9138,566.9835,567.5696,567.5696,2625213660
163,565.1835,567.9103,565.1835,567.62,567.62,2280785567
164,569.5155,572.1926,569.5155,571.8945,571.8945,2457036465
165,576.2069,576.6676,574.628,575.4264,575.4264,2749736503
166,573.6764,576.8171,573.2373,576.3306,576.3306,2598209382
167,574.3858,575.0808,571.6767,572.8436,572.8436,2639563352
168,573.5179,575.091,572.204,574.1412,574.1412,2704709631
169,574.5935,575.2321,572.247,574.5459,574.5459,2787731360
170,569.8713,570.3876,566.9801,569.282,569.282,3075671437
171,575.3426,576.0219,571.0903,573.2334,573.2334,2905643169
172,564.9188,567.9814,564.1034,565.5923,565.5923,2599216835
173,569.9803,571.0762,568.9022,569.1376,569.1376,2393597460
174,565.982,570.1112,565.0379,569.1986,569.1986,2454638575
175,571.9165,573.1758,570.1165,572.0412,572.0412,2924282358
176,570.4407,572.3922,570.3501,571.8841,571.8841,2812374476
177,569.2222,569.5983,567.1443,568.9481,568.9481,2724673687
178,574.4414,574.6036,570.9458,571.4681,571.4681,2600281509
179,569.4675,573.4921,569.4064,572.1408,572.1408,2900029417
180,572.0787,573.2124,571.5315,572.3444,572.3444,2768351259
181,576.3161,579.2907,576.3161,578.4913,578.4913,3068396704
182,580.5892,581.4096,578.6814,579.1875,579.1875,4817313775
183,580.3622,580.7515,578.5348,579.8736,579.8736,3115625259
184,578.248,578.6834,576.6548,577.023,577.023,2899324860
185,575.1601,577.9541,572.4588,572.9892,572.9892,3261583823
186,566.4925,569.5219,566.0295,566.9498,566.9498,2759834433
187,573.542,575.6114,573.0433,574.3205,574.3205,3109503025
188,576.7426,578.8653,575.091,576.4076,576.4076,3042259650
189,572.7721,574.2648,571.9042,572.6996,572.6996,3231825267
190,582.5641,584.1876,580.5114,581.336,581.336,3242276661
191,574.9934,575.078,568.0151,571.4993,571.4993,3537662329
192,571.0393,572.4362,564.4978,567.7007,567.7007,3265776341
193,566.7382,569.0859,563.6953,568.0972,568.0972,2985366350
194,565.8889,568.3076,564.2713,565.4629,565.4629,2867949793
195,568.3776,568.4013,550.768,550.9301,550.9301,3944356211
196,545.4925,549.0815,532.4566,535.9651,535.9651,4637650004
197,543.903,544.9297,535.8343,543.2335,543.2335,3743622039
198,543.674,546.0659,540.7626,541.1088,541.1088,3003754795
199,547.1752,556.3526,547.1474,555.6525,555.6525,3047249250
200,551.3137,552.347,545.4587,550.8313,550.8313,3000358109
201,552.2532,553.0495,543.0253,545.7058,545.7058,3595058320
202,548.0448,552.4104,545.0061,546.4889,546.4889,3308056883
203,552.8969,553.8935,547.9698,549.2972,549.2972,3075443523
204,535.0143,541.4163,529.1942,538.8798,538.8798,4515034132
205,542.9127,543.8486,525.863,526.6979,526.6979,4358710088
206,526.8771,536.2963,525.4904,532.9222,532.9222,4092393813
207,526.7326,531.5737,518.8944,524.9221,524.9221,4384911568
208,524.9713,529.7071,509.4902,516.8697,516.8697,4007090063
209,519.1605,527.9584,518.1107,527.4079,527.4079,4604295337
210,536.7743,542.9424,536.7743,537.9925,537.9925,4810400791
211,533.1402,537.8662,531.4275,537.6112,537.6112,4496944969
212,542.0164,544.2078,533.1304,537.5961,537.5961,3792530573
213,537.4809,541.0097,535.8189,539.8347,539.8347,3272644918
214,544.0979,547.7578,543.8356,547.4856,547.4856,2889235790
215,545.6555,553.7239,545.6555,553.4761,553.4761,3517121651
216,551.6574,553.3027,549.4185,551.7459,551.7459,3240435695
217,549.8662,549.8662,543.9899,547.2902,547.2902,3966336952
218,549.2077,549.6156,538.9262,539.7617,539.7617,3080787553
219,539.7487,544.6024,536.7693,538.1928,538.1928,3962395120
220,540.9131,542.6714,530.6101,533.7375,533.7375,3805676148
221,531.9908,540.2585,527.4936,539.2354,539.2354,3487269788
222,537.0052,542.5776,535.7449,540.5075,540.5075,3522743433
223,545.3503,545.8336,535.4349,537.36,537.36,3349105400
224,528.9336,531.8905,524.3349,526.4011,526.4011,4090169101
225,523.122,525.6788,521.5631,521.5847,521.5847,3174846729
226,516.1773,518.9587,515.7323,516.0204,516.0204,1560201329
227,520.97,525.763,520.97,525.5861,525.5861,3108373521
228,524.6072,528.3058,523.0592,528.2348,528.2348,2981400034
229,531.4254,541.8014,530.0295,541.76,541.76,3313486217
230,539.1467,542.4521,536.3829,539.3102,539.3102,3177119320
231,539.8717,544.4308,538.8857,544.2908,544.2908,4689167619
232,551.7461,553.6601,548.3611,551.7204,551.7204,3549728685
233,547.519,548.2077,530.7437,531.3105,531.3105,4184137229
234,525.1295,531.5647,516.8529,531.5253,531.5253,4909789582
235,529.9256,533.3281,516.5123,518.4696,518.4696,3760869670
236,522.4277,525.734,512.9694,523.7899,523.7899,3914800974
237,526.1917,528.1488,517.6721,520.7292,520.7292,3880308039
238,526.6114,532.0018,525.0325,525.193,525.193,3738308063
239,523.7766,526.0402,519.5548,522.1691,522.1691,3531196943
240,518.3996,519.4622,511.3343,512.5388,512.5388,3738211892
241,508.0602,510.0957,496.2527,499.2727,499.2727,4147522940
242,504.8582,507.6371,498.707,502.1485,502.1485,4393596931
243,503.178,510.7324,491.7021,495.2581,495.2581,4528476701
244,492.7681,495.3061,481.7967,486.9755,486.9755,5128691879
245,485.4181,493.1029,474.2286,475.8176,475.8176,7451744348
246,470.2554,472.1713,460.5665,460.5665,460.5665,2102296728
247,466.1573,486.7989,462.8945,486.7871,486.7871,3743740062
248,481.5658,490.7535,472.7803,490.7003,490.7003,3971467312
249,494.1436,498.3953,489.0257,491.5668,491.5668,3249223604
250,493.0585,495.0908,489.8779,494.6192,494.6192,3123217204
251,489.4831,497.8877,487.6077,496.0182,496.0182,3472116390
252,493.3048,493.5463,483.8106,484.5885,484.5885,3502000776
253,486.9349,499.4786,486.9349,498.2722,498.2722,3911568773
254,501.8093,507.8553,499.6225,504.5958,504.5958,3765789271
255,506.9516,509.2632,502.895,508.1952,508.1952,3747793233
256,507.6616,510.6761,505.4755,508.6375,508.6375,3227746580
257,510.2519,515.0719,507.9738,514.8379,514.8379,3230274817
258,512.12,513.7346,510.0007,513.7326,513.7326,2797041604
259,508.8404,510.6172,506.8881,509.294,509.294,3651900993
260,512.4184,517.9646,512.4184,517.4136,517.4136,3250785956
261,516.8283,519.0045,516.4191,517.0951,517.0951,3872300263
262,513.4834,520.5246,512.9088,518.7338,518.7338,3459418517
263,523.7371,528.5177,523.0082,527.5773,527.5773,4077058974
264,523.5444,523.5444,515.5452,518.6239,518.6239,3431868236
265,519.6121,521.5208,513.5934,518.6725,518.6725,3261174306
266,519.3329,520.9782,517.0047,520.0197,520.0197,2931838498
267,525.9531,528.91,525.9313,527.4018,527.4018,3375124929
268,521.4543,521.4543,517.332,521.2336,521.2336,3480170410
269,520.9374,522.127,518.2115,519.9743,519.9743,3259864473
270,524.4482,531.725,523.4046,529.8693,529.8693,3730964015
271,529.2874,533.9112,527.9393,532.9553,532.9553,4592503942
272,534.0632,536.8972,532.9881,534.8952,534.8952,3498801410
273,535.0909,538.7484,533.5606,538.7247,538.7247,3220661768
274,540.4313,542.5389,539.5776,542.2853,542.2853,3456900662
275,538.6885,539.2853,536.5416,538.011,538.011,2803263696
276,539.6597,540.0151,533.6485,537.3799,537.3799,3659040428
277,528.4075,531.4908,526.3409,531.4534,531.4534,3464185279
278,536.6578,537.7757,534.9543,536.1434,536.1434,3138492196
279,540.3149,545.3913,540.3149,544.7047,544.7047,3516151483
280,544.7446,547.0323,544.4138,545.2853,545.2853,3439496532
281,544.833,547.6927,542.3963,545.2758,545.2758,3479838814
282,545.7881,548.8371,545.7881,548.8253,548.8253,3058280007
283,545.0274,548.5798,544.6357,547.09,547.09,3232031369
284,550.6871,552.8331,549.6983,551.8067,551.8067,3564885054
285,547.456,547.7198,544.3665,546.4005,546.4005,2901132966
286,550.758,553.4379,550.4491,553.1348,553.1348,3165412591
287,556.1769,557.9896,554.3205,554.5427,554.5427,3563366983
288,551.9821,554.1091,551.4108,552.2865,552.2865,3400068001
289,554.221,555.8632,551.7615,555.1912,555.1912,3350304036
290,552.0804,553.1932,550.9715,551.3636,551.3636,3767811999
291,555.4441,557.3894,553.2924,556.5299,556.5299,3446459245
292,558.7586,559.2569,549.4849,554.4781,554.4781,3734404254
293,555.1333,555.5366,552.8606,554.1877,554.1877,3351367950
294,551.7487,551.7487,547.4814,548.0272,548.0272,3468502756
295,548.1257,548.2684,542.6891,544.6387,544.6387,3485453596
296,545.0658,547.7284,543.3652,547.5169,547.5169,3131151477
297,546.2784,553.5134,546.2784,553.3743,553.3743,3079984493
298,553.9584,556.1406,553.8372,554.7891,554.7891,2830747271
299,554.8546,559.1075,554.8546,557.0623,557.0623,3431795388
300,556.3915,557.3062,555.0216,556.0154,556.0154,3403619025
301,560.2256,564.1999,560.2256,562.5556,562.5556,5458827994
302,558.7678,561.3017,558.6451,560.8127,560.8127,3100916363
303,564.7875,567.1057,561.3103,563.1593,563.1593,3354075806
304,558.8612,561.2693,555.1287,557.4578,557.4578,3547713372
305,557.3987,565.4225,556.9361,564.3491,564.3491,3432153730
306,568.0709,568.3984,559.2738,559.3218,559.3218,4014102351
307,553.0614,555.7871,550.8875,553.5262,553.5262,2879319959
308,558.4016,561.8183,556.6803,559.5531,559.5531,2934446115
309,559.7273,560.8866,553.3752,556.8788,556.8788,2867872907
310,556.1257,558.1666,554.0215,557.3214,557.3214,2996574463
311,556.45,557.9768,554.6714,557.656,557.656,3453807923
312,565.7398,569.8647,565.7398,569.4258,569.4258,3239962149
313,568.0675,568.9904,566.188,567.8694,567.8694,2891097798
314,569.0053,570.8175,566.8448,568.473,568.473,3134970149
315,567.1256,568.5642,565.7739,568.1912,568.1912,2983949839
316,572.2899,574.0916,572.0577,573.9924,573.9924,2991604970
317,570.5737,572.0532,569.0566,572.0177,572.0177,3075836574
318,573.5943,573.6538,570.9613,571.929,571.929,2695735676
319,570.1524,571.8027,569.7092,571.5059,571.5059,2615656467
320,571.0226,571.3188,569.0619,570.3118,570.3118,2882687190
321,576.095,578.0173,575.6005,577.3957,577.3957,3353122205
322,577.6611,577.9154,575.3094,577.1169,577.1169,2892479577
323,578.4268,579.1816,576.1328,577.394,577.394,3330474031
324,579.5963,579.9858,575.5038,576.4976,576.4976,3187638936
325,575.6683,576.3797,573.1098,575.7119,575.7119,3377691553
326,572.1189,574.2367,571.6393,573.9327,573.9327,2768798100
327,574.1074,579.3001,573.8194,578.7812,578.7812,3403479841
328,577.5498,578.1069,575.9849,576.2211,576.2211,3217196579
329,584.1184,584.9381,580.8977,583.556,583.556,3197324481
330,577.4002,580.1768,575.7721,580.1768,580.1768,3065045018
331,581.6206,583.3889,581.3773,582.1052,582.1052,2879545273
332,580.9248,583.1163,578.3477,582.6436,582.6436,3836115297
333,585.2552,585.6119,579.5123,579.5856,579.5856,3484936361
334,579.055,580.9415,574.7629,578.1356,578.1356,3544078890
335,581.4725,585.1727,581.4725,584.734,584.734,2952265790
336,574.0091,579.6192,571.9017,578.6622,578.6622,3029751769
337,577.8852,577.8852,567.8809,572.1361,572.1361,3565150006
338,567.7263,571.3441,566.4783,567.6888,567.6888,3361685842
339,565.169,568.3566,560.5367,567.3191,567.3191,3398322255
340,568.1716,573.7698,560.6881,571.8031,571.8031,3483039509
341,562.3982,562.3982,554.7231,556.7904,556.7904,3433155669
342,558.6532,565.0754,558.6532,561.4839,561.4839,2900964949
343,557.3214,564.8896,556.2741,563.3641,563.3641,2910814670
344,564.3614,571.5448,564.3614,568.4165,568.4165,2896421092
345,565.2881,570.6035,564.4239,565.4719,565.4719,3075797808
346,564.6578,567.0262,562.5418,564.3181,564.3181,2920775176
347,563.2346,566.1671,563.2346,565.2752,565.2752,2900710519
348,563.9303,565.7883,562.953,563.9718,563.9718,2978462739
349,562.6862,562.6862,556.4954,559.8179,559.8179,3693287385
350,561.5247,563.2991,559.1021,560.2658,560.2658,2482126482
351,561.4264,563.5055,555.7825,555.9431,555.9431,3617591527
352,557.6492,558.0049,552.8147,556.2042,556.2042,3331214943
353,551.0527,553.4373,549.0359,551.4324,551.4324,2938969996
354,546.7329,547.2923,543.6437,543.9481,543.9481,3294593784
355,545.3309,547.618,540.8279,543.9276,543.9276,3755729256
356,551.1673,559.5167,551.1673,559.2733,559.2733,3463183112
357,563.7509,565.5893,560.3161,565.3632,565.3632,3436000178
358,561.4354,566.1178,560.2325,564.4088,564.4088,3312172131
359,566.1966,572.5673,566.1966,570.2592,570.2592,3062985577
360,571.2195,574.9685,571.1562,571.3977,571.3977,2804014366
361,576.1213,577.5778,571.2119,572.6387,572.6387,3285702209
362,572.9214,574.0821,571.3215,572.3471,572.3471,2939686122
363,570.4134,572.192,569.5734,571.4805,571.4805,2822676922
364,575.8498,577.3717,574.4135,575.8817,575.8817,2569777754
365,575.987,577.4859,575.4987,575.9711,575.9711,2710796187
366,577.8658,582.653,577.6133,580.0606,580.0606,3046138216
367,580.7672,582.9924,578.9536,581.9424,581.9424,2928642191
368,585.9338,587.6144,582.3383,586.8436,586.8436,4087770386
369,587.8924,590.1701,586.7297,587.4444,587.4444,4309602378
370,581.8382,582.5282,580.3853,580.6416,580.6416,2870209507
371,588.3856,588.5334,582.4394,582.713,582.713,3506970492
372,578.4805,579.7695,575.8945,576.0507,576.0507,3361017012
373,578.2286,580.1378,578.0128,579.2704,579.2704,2720514860
374,584.6652,586.866,583.8898,586.4234,586.4234,4580177899
375,591.5203,592.8182,587.7001,590.1109,590.1109,2981614997
376,589.2882,590.9877,587.551,590.948,590.948,2940148861
377,595.1847,598.7341,595.1607,598.7301,598.7301,1740379199
378,595.385,597.3362,592.137,596.614,596.614,2174139728
379,593.2278,593.4248,591.3006,592.4672,592.4672,2907304443
380,588.4757,591.7261,588.0629,591.2757,591.2757,2754810345
381,594.7069,597.4285,593.7758,595.4569,595.4569,2873603385
382,593.8777,594.4142,591.7355,593.9351,593.9351,2796376562
383,598.3126,600.4163,598.0158,600.3864,600.3864,2628200432
384,601.481,601.481,599.6813,600.7835,600.7835,2580607866
385,598.9831,599.5578,596.7996,597.3743,597.3743,2957721465
386,591.8132,591.8447,587.7071,587.7406,587.7406,2868835836
387,592.9467,596.8102,591.7962,596.1793,596.1793,3090556094
388,595.2429,595.5916,589.616,589.7646,589.7646,2866926371
389,593.5204,595.2679,592.4694,594.1374,594.1374,2983339053
390,590.9202,593.1223,589.7008,593.0375,593.0375,3277800304
391,592.1904,596.3019,591.8053,596.296,596.296,3548195629
392,599.2455,599.2554,595.4667,596.7442,596.7442,3310814596
393,597.8835,600.8062,597.7526,600.3856,600.3856,3028128116
394,599.0459,599.2717,597.0315,598.3526,598.3526,2636274683
395,595.3822,597.2688,594.052,596.475,596.475,3325450586
396,599.7519,599.9865,588.1912,592.6254,592.6254,3961649801
397,592.0035,598.6122,585.0333,586.6879,586.6879,4581024308
398,584.0462,584.3637,578.1362,581.6953,581.6953,3563739220
399,570.3772,570.3772,555.4293,559.8812,559.8812,3990704317
400,566.4338,571.0307,563.7097,570.5101,570.5101,3853692145
401,563.5851,570.1936,557.0909,568.5789,568.5789,4517865913
402,573.8442,582.2669,573.4994,582.1421,582.1421,3644376611
403,580.0968,581.134,574.087,577.7491,577.7491,3100844764
404,574.5816,574.6824,567.8753,569.7648,569.7648,3063023606
405,570.6783,583.0775,569.9513,579.7118,579.7118,3309588528
406,574.7072,574.7072,563.8829,564.0735,564.0735,3816640334
407,565.4332,567.5132,561.3229,565.7114,565.7114,4002013241
408,569.0087,574.747,569.0087,573.7638,573.7638,3121123072
409,580.7262,584.2183,580.7262,582.7533,582.7533,2728826606
410,578.2892,579.2044,574.4438,574.6241,574.6241,2752495153
411,578.0955,579.4191,577.2784,578.5684,578.5684,2793038635
412,580.9353,582.5488,575.6967,579.3516,579.3516,2708915116
413,578.31,581.4766,563.192,565.6038,565.6038,3876469955
414,570.2569,572.7574,568.1284,572.5803,572.5803,2890243989
415,571.9882,573.1052,565.5529,567.2472,567.2472,3300329245
416,565.4506,571.1322,563.8242,570.7192,570.7192,3134587436
417,575.6713,579.653,574.7416,578.4821,578.4821,2920681200
418,582.5822,583.2447,577.8674,580.4737,580.4737,2769201755
419,575.0043,576.0677,571.6125,574.4627,574.4627,3017520229
420,579.0345,581.8399,578.4782,581.6301,581.6301,2811330474
421,587.9578,592.9743,587.9578,591.0162,591.0162,3634085690
422,592.7005,593.6352,591.1453,592.3783,592.3783,3072083243
423,591.8697,592.0677,588.0987,589.8892,589.8892,3769409376
424,586.6071,588.2617,583.8429,588.2617,588.2617,4088243805
425,589.1586,593.016,587.9532,593.016,593.016,3451847133
426,597.4423,599.7573,595.8221,597.5396,597.5396,3384766849
427,596.9063,597.9209,595.0613,595.9511,595.9511,3483271097
428,596.561,597.7117,595.4182,596.8696,596.8696,4020938573
429,591.5168,593.598,591.1337,593.4973,593.4973,3338981178
430,594.1702,595.4233,589.631,595.2055,595.2055,2981238841
431,591.2767,593.561,589.8625,590.5755,590.5755,3018109947
432,595.6088,597.1828,590.9088,592.3719,592.3719,5492907546
433,591.4941,594.5968,591.2423,593.1357,593.1357,2997282829
434,596.9616,598.0651,588.0741,589.8377,589.8377,3735018839
435,587.5449,591.7946,584.4789,590.8148,590.8148,2667762645
436,592.5994,592.907,588.2289,590.9898,590.9898,2714362991
437,593.3543,593.72,585.4163,588.648,588.648,2934769084
438,588.5455,591.8739,588.5455,590.4636,590.4636,2933218813
439,592.5083,594.2638,583.5741,583.8819,583.8819,3396872448
440,582.9204,582.9204,572.9851,575.5123,575.5123,3435477298
441,568.5709,573.645,562.7697,573.5464,573.5464,3158359244
442,577.9804,584.9473,577.9804,584.6047,584.6047,2760359660
443,585.0393,588.1232,583.3403,583.9583,583.9583,2627451715
444,576.7541,577.7554,571.2757,571.3548,571.3548,2882997807
445,575.0746,578.6738,574.3456,576.7142,576.7142,2795277606
446,580.1033,586.0483,579.8191,583.9951,583.9951,3008517231
447,588.1321,594.1284,588.1321,589.5612,589.5612,3305814227
448,584.1386,585.5232,583.5733,584.2055,584.2055,2379570461
449,590.3836,596.2743,590.3836,594.7653,594.7653,3270994663
450,592.5709,594.1288,591.6829,592.5729,592.5729,2853521644
451,593.382,594.8691,591.6063,592.8244,592.8244,2770558580
452,593.9773,594.6036,589.9083,591.8685,591.8685,3064491837
453,595.3266,597.4823,595.1022,597.3611,597.3611,3054357087
454,595.5724,596.332,592.4686,592.6565,592.6565,3062032298
455,594.2436,596.3812,593.6878,596.3296,596.3296,3142518804
456,592.7412,592.9948,589.9178,591.8584,591.8584,3186508033
457,594.1447,598.9065,593.8717,597.949,597.949,3091643592
458,600.9469,603.3173,600.9469,602.3937,602.3937,3203815446
459,602.2237,604.6998,602.1087,602.5213,602.5213,3331060574
460,603.3032,605.3594,600.5683,604.6985,604.6985,3225209281
461,603.7437,603.7437,599.0456,601.893,601.893,3805179423
462,600.5427,603.7376,600.5427,603.7297,603.7297,3749881701
463,607.2808,608.5115,606.4741,607.1447,607.1447,3997129799
464,610.4339,611.0581,608.72,609.2094,609.2094,3758388072
465,610.7184,611.3618,608.8892,611.052,611.052,3793450523
466,612.8191,614.9532,611.4712,612.4539,612.4539,3490895920
467,609.1051,611.4457,607.5889,611.4437,611.4437,3196790459
468,609.0658,610.6476,608.1741,610.3866,610.3866,2837457515
469,612.7858,615.4299,611.8832,613.2936,613.2936,2963856849
470,614.0536,616.8171,612.9825,616.0167,616.0167,3393925483
471,612.9015,614.3788,611.4162,614.0675,614.0675,2906847036
472,615.3653,617.8482,614.708,617.8482,617.8482,3145680087
473,613.1035,614.3344,611.9532,613.9136,613.9136,2997317308
474,621.302,621.3397,618.5247,619.8577,619.8577,3524663884
475,619.3277,620.1847,614.7046,618.0949,618.0949,3843464448
476,613.8947,614.2147,611.1417,612.9171,612.9171,3199614882
477,617.8408,618.1307,615.4281,617.6184,617.6184,2985710007
478,617.744,620.9918,617.744,620.9541,620.9541,3327291063
479,621.843,623.3982,621.0793,622.9677,622.9677,4536606635
480,622.7133,624.4495,622.3015,624.3247,624.3247,2561403611
481,619.798,620.4125,618.2541,618.577,618.577,1736436438
482,620.9309,621.0218,614.3994,615.0097,615.0097,2750014682
483,609.5962,611.0889,606.2238,610.7394,610.7394,3482596420
484,616.0087,619.1607,615.8162,617.8467,617.8467,3374116080
485,621.7356,621.7834,618.656,621.3808,621.3808,3257229438
486,619.5533,622.7117,619.5533,621.7847,621.7847,3328162826
487,620.997,622.3825,619.732,619.8308,619.8308,3135504764
488,617.7267,619.0586,615.9004,617.1672,617.1672,3259094793
489,620.5116,622.1402,620.009,621.6752,621.6752,2786496256
490,619.7408,626.6559,619.1963,625.1348,625.1348,3660871325
491,628.8026,631.9857,626.7891,629.2295,629.2295,3219163028
492,629.6963,632.4813,629.6963,631.2431,631.2431,3617165413
493,636.1486,636.71,635.2786,635.5752,635.5752,3520862084
494,633.4772,634.1255,632.6702,632.6702,632.6702,3851337163
495,631.018,633.6193,631.018,633.5976,633.5976,3418776254
496,635.3503,635.8076,633.9114,634.9344,634.9344,6171187766
497,638.0883,638.4304,637.3465,637.6848,637.6848,2825298418
498,636.1436,636.3369,635.1693,635.7353,635.7353,1242433806
499,640.065,642.6196,640.065,642.5859,642.5859,1870686334
500,639.6904,639.8283,637.1571,638.2701,638.2701,2283524297
501,637.986,638.1494,633.3548,634.2842,634.2842,2841755528
502,634.1989,637.4614,633.5775,637.276,637.276,2845036119
503,645.4933,648.173,643.675,648.1154,648.1154,3018771227
504,638.3807,642.2964,637.5853,640.0606,640.0606,3366111956
505,637.6506,643.4553,637.0739,643.3443,643.3443,3445488559
506,642.3216,642.9258,640.4531,641.3943,641.3943,3160594508
507,637.6454,643.2528,637.2673,640.4924,640.4924,3461751306
508,645.5162,647.4037,645.0497,647.2298,647.2298,3183482846
509,652.8863,653.121,648.7185,649.6117,649.6117,2703866374
510,647.9717,651.3392,647.4369,651.3392,651.3392,3232479650
511,651.7991,653.5648,650.1802,651.3626,651.3626,3293694983
512,652.2041,655.4608,651.8901,653.599,653.599,3454331536
513,654.0735,656.8736,654.0438,656.8142,656.8142,3197974975
514,658.836,660.069,657.8846,660.0175,660.0175,3413456014
515,659.2749,661.0139,658.3975,659.2273,659.2273,3871133020
516,660.0087,661.5448,658.0307,658.3696,658.3696,3218963447
517,658.2581,660.4637,655.4986,660.1977,660.1977,3413745009
518,659.3053,659.3211,649.1044,651.8618,651.8618,3313032561
519,643.0941,645.4093,640.5868,642.3949,642.3949,3738985884
520,642.7478,648.756,642.3272,646.8724,646.8724,3540479651
521,647.2489,648.0379,643.7917,644.0888,644.0888,3418609986
522,644.4632,650.2934,641.7618,649.8481,649.8481,3469775560
523,650.9273,650.9273,637.5114,639.6611,639.6611,4039713503
524,641.8283,648.3306,641.8283,644.4585,644.4585,3415683384
525,650.752,655.9709,650.752,654.1202,654.1202,3665392212
526,662.3958,664.9199,660.1725,664.3442,664.3442,3996632023
527,663.2347,663.8375,661.1468,663.4052,663.4052,3816516594
528,661.9275,663.0943,659.2643,660.3736,660.3736,3577917212
529,656.9816,663.7093,656.8806,663.6756,663.6756,3065306225
530,665.219,667.1479,662.62,663.6141,663.6141,3169112566
531,668.3603,670.5356,668.2056,670.1351,670.1351,3706719942
532,666.4463,670.246,665.3811,668.0382,668.0382,3268664003
533,668.2192,668.7354,665.8593,668.6306,668.6306,2991829417
534,663.9505,665.127,661.3038,664.1969,664.1969,3333567252
535,667.6893,670.2827,667.3812,668.827,668.827,3294902347
536,668.0394,669.7586,660.2473,666.6126,666.6126,3737204995
537,665.2226,665.2741,658.8782,660.7192,660.7192,3542447401
538,645.0827,645.5184,636.5756,638.8014,638.8014,4588889366
539,639.4514,641.0407,615.7268,617.5905,617.5905,5157812689
540,619.507,627.914,613.4084,614.8684,614.8684,4976218398
541,605.2319,612.0559,588.4042,588.675,588.675,6305846004
542,576.5676,585.0317,564.4983,583.9445,583.9445,7615759461
543,589.1146,612.2253,583.3527,612.0807,612.0807,5990656359
544,611.7288,619.6825,588.0555,593.3382,593.3382,6266187303
545,602.4284,619.2843,600.1795,619.1162,619.1162,4616572310
546,608.7882,610.2411,593.771,598.5431,598.5431,5437079750
547,588.1522,594.4693,577.6681,591.7697,591.7697,6889316149
548,568.7916,568.7916,543.0798,545.489,545.489,7706356113
549,553.807,567.4107,538.1621,567.3398,567.3398,6738429576
550,560.2422,560.2422,536.7706,543.5436,543.5436,6728650278
551,518.1308,524.0568,488.1954,488.5459,488.5459,7744809338
552,508.1653,536.1125,492.8175,536.0512,536.0512,7465728625
553,493.1441,503.8362,468.0504,469.0706,469.0706,7517550277
554,479.4613,504.8154,467.8743,499.9252,499.9252,7582753619
555,482.4291,485.809,451.5449,474.8259,474.8259,7174520189
556,473.3391,487.8726,458.7641,476.4855,476.4855,7711420101
557,479.1902,483.3419,452.3179,454.1621,454.1621,8575383551
558,457.7897,459.7922,438.0349,447.1359,447.1359,6317628272
559,466.0365,486.9625,466.0365,486.4894,486.4894,7120131649
560,487.6846,510.2357,477.7157,491.2146,491.2146,6577707863
561,498.9445,526.0172,498.8308,524.6329,524.6329,6866269731
562,507.8057,519.7346,500.683,504.9447,504.9447,5536018504
563,509.6517,524.1546,506.9231,523.1289,523.1289,4904529440
564,518.6557,523.952,510.019,512.685,512.685,6341719376
565,497.2095,502.1197,487.1402,491.72,491.72,6023660053
566,483.4383,498.1231,482.8976,496.8803,496.8803,5717086505
567,499.1536,503.7701,488.2453,493.9396,493.9396,5908191886
568,511.1387,530.68,510.4032,528.0691,528.0691,5557120328
569,542.7841,546.3991,526.7343,527.0792,527.0792,6238632445
570,531.4347,546.4277,527.1397,544.296,544.296,5159313018
571,548.134,556.3412,545.2462,550.6664,550.6664,7749047430
572,546.9498,546.9498,534.902,542.8552,542.8552,4426283152
573,554.4553,563.6959,554.4553,562.5514,562.5514,4865959960
574,553.372,554.6071,546.6222,550.9413,550.9413,4705187343
575,558.8193,560.2506,551.8284,558.8612,558.8612,4942881560
576,564.6722,571.9808,562.3777,571.0551,571.0551,5404175294
577,565.4116,570.0531,560.4064,560.9489,560.9489,5496865773
578,553.9304,554.0756,542.4512,544.3329,544.3329,5119267608
579,552.5254,557.9181,550.1591,554.7888,554.7888,5229822017
580,557.8485,564.6925,554.6408,555.3435,555.3435,5547661929
581,560.6813,566.6755,556.519,565.4855,565.4855,5228223419
582,568.3495,574.9336,567.9991,573.0939,573.0939,4899257331
583,577.7874,580.0093,568.0086,568.5407,568.5407,5602148529
584,580.1421,587.3778,578.8897,584.3265,584.3265,6094039458
585,581.3034,581.3034,573.6794,577.6381,577.6381,6044676842
586,569.7863,569.7863,560.357,562.1642,562.1642,4360326569
587,558.4052,564.2035,555.0012,563.9059,563.9059,4476754324
588,569.7671,575.5961,568.7086,569.6797,569.6797,4322731894
589,568.9875,570.5604,561.9835,562.1355,562.1355,5049792818
590,572.6805,577.3881,572.3264,573.2635,573.2635,5173221216
591,576.5809,581.2053,575.4015,580.7375,580.7375,4392176994
592,581.9424,587.689,579.5431,584.8826,584.8826,4280211776
593,581.4491,582.6992,567.6205,567.7254,567.7254,5040982861
594,572.534,574.1881,558.0081,563.3721,563.3721,5739818967
595,556.2839,567.8812,550.7301,567.8215,567.8215,5465653171
596,562.4399,569.408,559.8225,569.1476,569.1476,4646884846
597,578.0185,588.7761,578.0185,585.9632,585.9632,6391834724
598,583.6426,586.7344,578.4486,578.5654,578.5654,4469385876
599,584.463,589.7385,584.463,588.0209,588.0209,4682375608
600,587.8284,589.5207,581.6176,583.5849,583.5849,4407968329
601,584.8991,586.6272,582.0302,586.3673,586.3673,3555711758
602,594.3693,597.8594,591.2214,591.9337,591.9337,5560090624
603,598.5307,602.6193,589.4207,602.5954,602.5954,5910034943
604,605.9922,610.3801,601.3756,602.6347,602.6347,4731122553
605,596.1844,600.9142,590.9502,599.9565,599.9565,6589360735
606,599.8057,604.4244,598.3766,603.1513,603.1513,3476223153
607,607.9653,611.1967,605.3586,611.1471,611.1471,4449612922
608,614.622,620.9767,614.622,619.3762,619.3762,5027807015
609,618.4058,621.8539,614.2023,618.5628,618.5628,5903222191
610,628.6371,638.1506,628.6371,634.6158,634.6158,7923406927
611,637.2526,643.8662,636.472,643.7189,643.7189,7832882529
612,638.9704,640.8376,634.9517,637.7495,637.7495,5747140645
613,636.3268,638.2773,630.004,631.7169,631.7169,5952138464
614,621.491,621.491,596.8107,597.33,597.33,6240039962
615,606.1625,609.5929,589.0753,600.2944,600.2944,5232623967
616,596.2076,613.3345,590.6114,610.7117,610.7117,5365294103
617,621.5927,626.0497,610.6856,620.3499,620.3499,4664995747
618,625.671,626.6745,620.065,621.1543,621.1543,4152115860
619,616.2334,619.8812,614.6181,618.9553,618.9553,3499420316
620,626.3018,629.3413,614.8978,617.8156,617.8156,8105039219
621,614.4168,619.6786,611.4325,619.071,619.071,4267227152
622,622.9946,626.2101,620.6961,621.5238,621.5238,4369008442
623,621.2084,621.3301,604.7986,608.4288,608.4288,5117352648
624,603.848,611.7068,599.3706,611.2132,611.2132,4221558246
625,609.2496,609.3547,595.6559,596.5321,596.5321,7701237730
626,600.2029,607.2217,596.4548,607.0925,607.0925,4066991178
627,604.5637,616.7156,604.094,614.4918,614.4918,4192149787
628,620.6889,625.1893,619.7397,622.6754,622.6754,4160971398
629,625.4318,629.8426,621.6279,622.7202,622.7202,4060806529
630,629.6401,635.0879,629.6401,634.5151,634.5151,4520297563
631,632.3217,635.8583,627.6269,628.1041,628.1041,4377874157
632,620.5217,624.2077,617.2666,623.8417,623.8417,4916540161
633,634.4006,635.1217,622.3225,629.5829,629.5829,4112899055
634,625.3012,632.1146,622.0779,631.7615,631.7615,3822741650
635,637.7282,643.7451,626.6552,627.8073,627.8073,4532507737
636,625.2738,637.1856,622.5963,636.5028,636.5028,4057797459
637,641.0993,643.5437,636.0874,641.2146,641.2146,4275730860
638,641.7667,644.173,639.8124,643.2089,643.2089,3851802159
639,641.453,643.3052,637.7605,641.5564,641.5564,3591171238
640,647.6071,654.5004,645.7733,653.1406,653.1406,3503759109
641,652.0361,653.7856,647.8967,649.7978,649.7978,4400366858
642,648.961,653.8379,648.6101,653.1799,653.1799,3914649117
643,658.8168,660.4983,648.9536,651.5714,651.5714,4270916048
644,632.5716,634.2776,628.9298,631.9918,631.9918,3363923358
645,642.0812,646.3866,640.9665,645.9837,645.9837,3681692673
646,640.8933,642.7658,637.3066,637.7564,637.7564,3770516819
647,643.139,650.6162,643.139,649.3607,649.3607,4179347399
648,643.1279,646.9408,637.6295,646.0055,646.0055,3564368650
649,650.217,650.5589,640.2384,650.3502,650.3502,4354577715
650,658.4633,661.3608,657.7163,659.7349,659.7349,3763524145
651,651.4448,654.7952,650.7419,654.7299,654.7299,4150804554
652,658.4382,661.0979,658.4382,660.5024,660.5024,4366713856
653,658.824,664.3473,657.8268,663.9766,663.9766,4092859331
654,660.4492,662.9189,658.2088,662.6697,662.6697,3539982466
655,666.024,667.4628,661.9358,666.9031,666.9031,3731623908
656,669.3232,671.4422,660.605,662.0448,662.0448,4672826590
657,668.1543,674.6119,668.1543,673.1105,673.1105,3009666134
658,669.1163,671.9511,667.2119,669.2115,669.2115,3050518104
659,670.4266,672.387,669.0295,671.2606,671.2606,2968291053
660,672.5578,673.8966,672.2315,672.7826,672.7826,2884108075
661,676.8721,678.4748,673.4967,677.4196,677.4196,3042668221
662,677.8267,679.2313,673.2612,674.2982,674.2982,3307772887
663,670.8202,676.8728,669.6644,675.8168,675.8168,3029587198
664,677.0363,679.8256,675.6966,679.2657,679.2657,2955743643
665,680.1661,682.952,679.1791,682.7908,682.7908,3369239318
666,685.34,686.9875,683.3234,686.8699,686.8699,3150477257
667,688.3729,694.5783,687.2116,694.1114,694.1114,3474627577
668,692.3744,695.6007,689.0389,692.2572,692.2572,3509379737
669,696.2791,699.176,694.213,698.933,698.933,3723344462
670,701.7481,702.7558,698.453,699.8646,699.8646,4175457181
671,694.8938,698.9731,692.35,698.6997,698.6997,3812473718
672,708.2821,717.1462,706.5772,715.6932,715.6932,3840716848
673,712.1712,712.1932,684.7351,690.2591,690.2591,4181688160
674,686.7597,691.8403,666.0848,681.4622,681.4622,3733488333
675,675.3868,677.0072,666.852,667.3668,667.3668,4140088114
676,672.0371,682.9956,671.4428,677.8484,677.8484,3234958124
677,685.7355,688.3458,668.9948,670.9922,670.9922,3731542089
678,667.8062,671.0429,659.3946,665.4697,665.4697,3410796461
679,673.1036,680.9822,673.1036,677.1019,677.1019,3627056725
680,676.9813,679.3155,673.31,675.684,675.684,3474812105
681,677.0694,680.5805,671.754,671.9605,671.9605,4400222082
682,668.3385,673.9917,664.736,670.3653,670.3653,4173021158
683,673.3563,674.3371,660.3239,665.7531,665.7531,5843309974
684,657.8369,657.8369,646.5305,656.9339,656.9339,4591841413
685,655.5158,660.4007,650.5831,659.458,659.458,3499545957
686,659.2343,659.8776,641.8525,642.7162,642.7162,4148245882
687,643.7057,654.1929,640.3756,647.7861,647.7861,4263336283
688,645.507,659.5114,643.8676,657.8321,657.8321,3661305781
689,662.0665,667.3965,661.8699,665.5815,665.5815,3750150141
690,667.9501,669.3454,663.2897,664.8704,664.8704,3174482083
691,663.3875,673.7814,663.2405,667.7138,667.7138,4211818186
692,673.3198,675.5689,668.4516,672.3115,672.3115,3631302840
693,665.2214,671.2302,662.1831,667.1101,667.1101,3332921646
694,671.031,679.4605,671.031,679.2673,679.2673,3392298845
695,680.7488,685.3061,669.9247,671.2088,671.2088,3966331559
696,675.2299,683.5492,675.2299,682.1885,682.1885,3806432057
697,686.0841,688.6812,684.8595,688.5913,688.5913,3706403177
698,690.9951,695.523,690.6756,694.4844,694.4844,3667827534
699,699.4057,709.3632,699.3238,706.2398,706.2398,3178161417
700,699.6271,699.6271,693.0644,695.2559,695.2559,3126967531
701,704.5669,707.0661,697.5682,699.1956,699.1956,3415844564
702,687.9182,694.9613,685.3627,693.818,693.818,3395715369
703,696.9395,701.3803,694.3361,695.0064,695.0064,4418285702
704,693.7348,695.4743,679.0943,680.4823,680.4823,3866063288
705,687.6917,695.1997,686.9459,688.4395,688.4395,3855973647
706,687.0694,692.0529,685.7013,686.2006,686.2006,3950656420
707,684.2356,688.6194,679.627,687.2185,687.2185,3839217359
708,690.7742,691.0852,685.8998,690.8719,690.8719,3238219714
709,688.0647,688.0647,672.7577,679.9773,679.9773,3714531027
710,678.3968,679.6647,675.5183,675.911,675.911,3616577566
711,667.908,667.908,653.2029,653.6306,653.6306,4598570951
712,655.7696,668.5521,652.2978,662.361,662.361,4548354019
713,658.527,660.7943,646.6004,653.8023,653.8023,4343139085
714,653.7849,660.5168,650.5202,656.5697,656.5697,3756805974
715,662.1219,672.6881,662.1219,668.6533,668.6533,4193163999
716,673.6017,689.3795,673.3466,680.9142,680.9142,4556782998
717,694.4066,703.0346,694.4066,699.3292,699.3292,4514407186
718,700.3259,702.9688,695.535,700.5454,700.5454,4694219439
719,710.6052,723.0897,703.5528,704.1517,704.1517,8272470125
720,708.4911,711.2824,702.2225,708.945,708.945,5616327960
721,708.49,712.057,707.2532,710.367,710.367,4144521830
722,709.341,710.6053,700.5625,704.232,704.232,4759685629
723,706.5753,714.7477,706.5753,713.0552,713.0552,4203384969
724,716.3781,722.0193,716.3781,721.7009,721.7009,4965991969
725,712.3581,714.8837,708.0902,712.2042,712.2042,4253348578
726,714.591,715.9758,705.736,705.827,705.827,4789259697
727,710.3745,715.5256,707.2671,714.857,714.857,4137961949
728,707.8418,708.2215,703.4002,703.5366,703.5366,4041039209
729,705.8591,710.4087,703.0786,707.9904,707.9904,4537267013
730,714.325,723.8221,714.325,722.4509,722.4509,6006442631
731,722.9113,722.9113,719.3838,721.7481,721.7481,4665672250
732,724.1917,725.3381,722.3566,724.1519,724.1519,2560219317
733,723.132,723.132,715.2145,720.6347,720.6347,5885590285
734,722.2763,728.7306,722.2763,725.5609,725.5609,4941437751
735,726.9121,730.33,725.1335,729.942,729.942,4767893471
736,731.618,734.4999,729.4021,731.3068,731.3068,4846087007
737,728.324,733.9309,728.324,733.915,733.915,4307216353
738,734.6371,735.1699,731.4855,734.0863,734.0863,3970807220
739,732.6003,737.6526,731.7609,736.4194,736.4194,4087590525
740,737.6185,738.8943,728.5744,731.0185,731.0185,4893508642
741,728.3887,732.2425,725.6118,730.1743,730.1743,4547827680
742,725.3333,727.2834,720.8337,726.7974,726.7974,4196736114
743,726.0358,730.449,720.2221,720.548,720.548,4323453615
744,723.8989,729.601,722.5583,729.4687,729.4687,4026047952
745,732.6302,735.6073,731.108,733.6054,733.6054,4074050722
746,737.3282,739.6056,736.7763,739.0814,739.0814,3619289311
747,736.1111,736.9634,728.8833,733.5443,733.5443,6161882778
748,729.5466,733.2336,720.0814,731.6534,731.6534,4451297941
749,729.2742,729.3097,724.9514,727.1404,727.1404,3539394037
750,733.0378,736.5746,732.2162,732.3611,732.3611,3448671733
751,732.36,734.3009,731.4262,734.1503,734.1503,1805225572
752,739.3579,742.8292,739.3579,741.8065,741.8065,3270543663
753,747.4524,748.6703,742.1306,742.8741,742.8741,2940185758
754,740.257,741.9292,739.0722,739.4348,739.4348,2843713809
755,739.6534,744.9889,738.3873,744.1706,744.1706,2987334173
756,746.9683,748.0357,726.7494,734.2774,734.2774,4516696349
757,738.063,746.0084,737.4742,743.819,743.819,4407897842
758,738.2905,752.3793,736.9262,745.4383,745.4383,5542020852
759,745.8791,755.1593,745.8791,753.6218,753.6218,4499020438
760,757.7542,760.0662,751.5076,759.6669,759.6669,4234379524
761,755.1138,758.0365,752.3103,754.4129,754.4129,4212720733
762,754.5356,756.3536,749.5518,754.4502,754.4502,4602719443
763,750.2006,753.8962,748.0835,751.7021,751.7021,4335344035
764,760.8993,762.6186,756.4875,757.022,757.022,4301652681
765,753.6073,753.6073,745.828,749.5337,749.5337,4966017807
766,752.0714,756.5756,751.7712,755.458,755.458,4530710611
767,754.8215,763.4314,754.8215,761.8689,761.8689,4330484114
768,762.9762,763.7654,760.5217,762.1079,762.1079,4216182028
769,766.4095,768.0184,763.6523,765.8573,765.8573,4762639388
770,763.4426,764.9391,752.6361,764.172,764.172,6853887484
771,763.889,765.4591,760.8872,761.2511,761.2511,5986417757
772,760.8233,760.8233,740.1312,743.758,743.758,8374333219
773,743.0424,757.8311,743.0424,749.3001,749.3001,6481791403
774,749.1911,749.1911,732.5477,736.5375,736.5375,5960468435
775,738.728,749.2511,737.6292,747.1802,747.1802,4802485677
776,753.3591,763.5414,753.3591,760.2075,760.2075,5341646625
777,761.6131,763.049,756.9347,759.6101,759.6101,4676957816
778,761.8649,768.966,761.8649,768.8309,768.8309,4568425250
779,770.1126,773.3414,769.4434,771.8064,771.8064,3874827158
780,769.1586,773.7389,769.1586,773.7033,773.7033,4413109681
781,781.0128,782.5826,779.4449,781.1606,781.1606,3945274193
782,773.4539,775.5686,766.3837,771.3036,771.3036,4484153652
783,774.9868,776.8845,769.8398,774.9828,774.9828,4581601530
784,776.5532,781.6314,775.3878,781.155,781.155,3729652080
785,784.1203,786.2738,780.9835,782.7231,782.7231,4979538518
786,779.8612,782.8684,776.2649,782.4146,782.4146,4477916093
787,777.5515,778.7667,771.4298,777.1762,777.1762,4517964488
788,778.2145,780.0503,774.6243,775.3467,775.3467,4493710301
789,764.5074,767.9251,762.3746,762.7268,762.7268,5255357343
790,766.8211,774.5567,756.5864,771.6522,771.6522,5958833402
791,770.8263,781.7588,768.0186,781.118,781.118,5910772689
792,771.3496,773.1658,751.3045,754.3184,754.3184,6037200531
793,760.6166,764.8599,750.6882,754.969,754.969,5064470470
794,760.5559,774.8051,760.5559,772.2953,772.2953,4430514106
795,771.5932,772.1407,764.6613,765.0012,765.0012,4454356670
796,767.6972,769.7794,758.7308,758.9016,758.9016,5468998701
797,755.8898,760.8664,737.0467,745.9803,745.9803,6790469711
798,748.8778,760.3491,736.3642,758.4244,758.4244,6524719662
799,762.6134,769.8876,757.6264,758.0429,758.0429,5911785816
800,767.7999,778.1311,767.7999,772.4861,772.4861,4985153734
801,770.5985,775.6197,769.359,771.9488,771.9488,5473597353
802,777.328,786.208,777.328,782.0529,782.0529,4828775004
803,780.5114,784.5825,778.6598,784.2543,784.2543,3861666482
804,778.0381,783.3896,774.2061,783.1646,783.1646,4752360399
805,788.83,790.309,784.8299,786.6701,786.6701,4148658202
806,782.5648,789.361,779.8245,787.4291,787.4291,3848404955
807,785.4795,788.6822,777.0078,777.9217,777.9217,5150969287
808,776.6585,780.0287,771.4208,776.6506,776.6506,7078865309
809,778.8763,786.5985,778.4149,783.6711,783.6711,3845950963
810,778.6508,780.9308,771.526,773.2958,773.2958,4159634987
811,773.6999,778.0718,767.6089,767.6226,767.6226,4554672134
812,771.269,779.2614,766.1316,777.2692,777.2692,4570273195
813,773.4224,785.4805,773.4224,784.7598,784.7598,5619251622
814,784.7778,787.2532,779.6254,785.1298,785.1298,4404614489
815,779.8777,780.7966,776.1409,778.9351,778.9351,3556996908
816,781.6471,786.9983,781.5939,782.7583,782.7583,3967807590
817,786.1767,791.6603,786.1767,791.5107,791.5107,3702560205
818,800.2815,809.9973,800.2815,808.9044,808.9044,4099395081
819,806.8081,808.9184,805.3372,806.4854,806.4854,3610906854
820,806.1708,807.9199,804.9875,807.2907,807.2907,3809324116
821,808.8052,810.4347,807.3398,810.233,810.233,3532093969
822,807.453,814.0311,807.3347,813.897,813.897,3323661455
823,816.4717,817.8672,814.514,817.121,817.121,3059855658
824,814.25,817.779,813.1322,816.5152,816.5152,3388176800
825,814.4995,816.4877,810.4266,811.1719,811.1719,3710374491
826,814.4969,821.1333,814.4969,820.5293,820.5293,3763167057
827,829.252,832.663,828.5785,831.5028,831.5028,3604931264
828,824.1599,824.3591,818.3768,820.8986,820.8986,3591518136
829,821.873,821.873,813.8107,817.083,817.083,4042138295
830,815.192,824.3936,814.7833,824.0776,824.0776,3371891459
831,824.6955,826.4969,815.4468,817.6794,817.6794,4001485233
832,813.6885,824.5782,813.6885,821.8258,821.8258,3063819642
833,825.8225,827.6301,825.2957,826.3337,826.3337,3616033107
834,823.6163,824.6192,821.2506,823.3155,823.3155,3278013308
835,823.5915,826.8168,822.9302,823.2058,823.2058,3626157503
836,831.7778,834.2773,825.9776,832.8318,832.8318,3728198230
837,829.2477,829.2477,824.6551,825.9035,825.9035,3820576342
838,831.6762,835.1303,830.8925,831.8112,831.8112,3626467392
839,824.8708,824.8708,814.9128,822.0325,822.0325,4492708434
840,826.2926,828.4014,823.1038,824.4193,824.4193,3866388570
841,821.0103,827.6191,816.7153,827.4064,827.4064,4083744223
842,829.6956,835.1542,827.9812,834.0822,834.0822,3481104806
843,838.5405,840.1469,830.576,830.6356,830.6356,4255952634
844,819.3721,821.682,811.7101,819.7196,819.7196,4611907252
845,814.1213,814.9452,799.6011,800.8153,800.8153,4219139786
846,804.8541,816.0312,804.8541,812.2627,812.2627,4194543166
847,817.4886,828.0893,817.4886,826.2523,826.2523,3460660718
848,828.384,828.7813,822.9746,827.0669,827.0669,3519435291
849,823.3696,824.004,815.4738,815.8375,815.8375,4107465577
850,814.4699,818.1424,807.1091,817.894,817.894,3475298419
851,818.3374,828.4286,818.3374,825.7128,825.7128,3660760349
852,825.0311,829.0113,821.6884,822.5077,822.5077,3724573556
853,822.2238,829.9843,822.2238,827.5256,827.5256,3242891943
854,835.1419,836.6271,830.4916,831.6055,831.6055,4012344837
855,829.1017,831.2815,827.6222,829.9722,829.9722,4098418904
856,828.254,830.509,827.434,828.0451,828.0451,5501304928
857,833.6587,835.1613,832.2332,832.3401,832.3401,4120307351
858,838.8477,842.3491,835.0817,835.967,835.967,4707753676
859,834.771,836.8645,833.0745,835.029,835.029,5558966637
860,828.2347,830.7956,823.591,828.5152,828.5152,5110570917
861,836.462,841.9112,836.462,841.2032,841.2032,3788790438
862,839.0408,839.636,836.327,838.4814,838.4814,4324740316
863,838.8453,839.4259,833.8128,837.5475,837.5475,4374677614
864,839.4487,840.2617,836.6228,836.7833,836.7833,4013270040
865,838.9578,843.16,837.3269,841.0648,841.0648,4222260412
866,840.0941,841.1791,837.9854,840.993,840.993,3408580281
867,846.4132,847.8636,843.576,847.7759,847.7759,3508405327
868,842.4361,842.8083,839.0844,840.7157,840.7157,3721566492
869,842.7287,843.3277,833.5217,837.7365,837.7365,4044434264
870,838.004,840.3708,833.1749,838.2998,838.2998,4720864188
871,829.7549,829.7549,821.7865,822.1911,822.1911,5810657244
872,824.3752,834.8128,824.3752,834.5264,834.5264,3774580413
873,836.0332,842.2135,834.5807,840.3533,840.3533,3531911860
874,840.3076,841.7571,838.7572,838.8382,838.8382,3312918757
875,843.1341,845.9683,843.1341,845.0197,845.0197,3348032640
876,843.2393,845.5414,842.5902,844.4722,844.4722,6661438847
877,852.9038,854.345,850.8676,854.0404,854.0404,3421172892
878,848.2641,849.7084,847.045,847.9855,847.9855,3602092952
879,849.5705,851.9031,849.0379,850.9269,850.9269,4193624019
880,849.1607,853.0958,849.1607,852.9536,852.9536,3338075550
881,852.3913,858.0711,852.3913,857.4623,857.4623,2719350067
882,866.1764,866.1764,857.8078,863.6076,863.6076,3852323773
883,861.1741,863.3256,856.9742,862.5834,862.5834,3903016848
884,856.5157,858.4603,850.2323,856.4662,856.4662,4140287701
885,852.1643,860.4746,852.1643,860.071,860.071,3527106195
886,866.0394,868.8659,864.3795,868.4598,868.4598,3183158602
887,865.8703,868.1037,863.0737,863.5263,863.5263,3538806210
888,863.0854,865.7594,859.5878,861.9406,861.9406,3924233842
889,860.7973,860.7973,855.2177,859.026,859.026,3566068205
890,860.7586,862.2682,851.9094,852.822,852.822,3980325224
891,845.1533,845.1533,832.7074,837.696,837.696,5007318829
892,843.639,857.8272,843.0337,855.1015,855.1015,3903460971
893,859.5688,865.2389,859.5688,865.0384,865.0384,3581948732
894,864.2938,865.9981,862.0723,865.5245,865.5245,3062284829
895,864.4813,871.1861,864.4813,870.5172,870.5172,3727139117
896,869.7038,872.2973,868.8892,872.2125,872.2125,3958682346
897,873.0628,873.0628,864.3902,870.1133,870.1133,3749185829
898,873.2092,875.6922,870.0478,872.7511,872.7511,3544166083
899,866.3573,871.5474,866.3573,869.4186,869.4186,3712648440
900,869.0048,872.3918,867.9233,869.0325,869.0325,3948483771
901,872.8226,875.857,868.4555,868.9209,868.9209,3337231839
902,875.8395,882.0303,871.9036,881.9027,881.9027,3837118265
903,872.3243,872.3677,869.219,869.699,869.699,3940904444
904,878.9869,883.1537,878.9869,883.0222,883.0222,3215423452
905,884.2401,886.5859,884.2401,885.7274,885.7274,3344833896
906,888.5889,888.9133,885.9799,887.5037,887.5037,3160549053
907,876.8839,878.7461,875.7452,877.0737,877.0737,3653434023
908,883.1116,884.5549,881.9665,883.1573,883.1573,3298919124
909,880.6575,883.7652,878.6529,883.5791,883.5791,3044070449
910,881.8492,882.5465,881.0552,882.4734,882.4734,2970281662
911,885.5808,889.2746,880.8191,889.1655,889.1655,3385535151
912,885.3094,885.3094,876.5221,882.5238,882.5238,3501161490
913,883.6337,886.2959,875.0081,875.5414,875.5414,3542117075
914,869.7337,876.9119,866.8144,874.3696,874.3696,4218868158
915,874.0736,880.7701,873.3284,880.2389,880.2389,3204848601
916,883.4356,891.2947,883.4356,889.2401,889.2401,3481831841
917,890.0055,891.6746,889.5847,890.3687,890.3687,3656510012
918,887.1568,889.3813,886.2105,888.2908,888.2908,3202494474
919,895.2272,895.6555,890.2946,890.4958,890.4958,2815434076
920,889.3905,897.1889,889.3905,896.4017,896.4017,3005251081
921,892.9304,897.5991,892.9304,895.9038,895.9038,2812795105
922,898.1844,898.5096,895.4183,896.7825,896.7825,4034580913
923,900.6367,902.2893,899.2884,899.7001,899.7001,3678601518
924,897.5242,899.7747,895.5805,898.0131,898.0131,3419748473
925,894.2341,896.0157,892.0401,894.828,894.828,3161905795
926,900.631,900.631,896.1869,897.5828,897.5828,3173524567
927,893.8418,894.5738,889.0661,893.0465,893.0465,3403126822
928,897.1543,900.5099,892.9896,893.2301,893.2301,3452819121
929,887.3807,890.0487,877.6818,877.863,877.863,3328297271
930,889.5579,893.172,883.7711,888.3493,888.3493,3889936691
931,887.7595,889.018,879.0649,880.5691,880.5691,3488689575
932,880.9829,888.7834,879.1763,887.5613,887.5613,3726787641
933,886.5647,888.3034,879.9725,885.9033,885.9033,3599969944
934,887.0715,887.4247,878.74,879.778,879.778,6176233686
935,873.1413,873.1413,853.8974,864.1737,864.1737,4594587382
936,867.0057,871.0529,861.7554,862.9902,862.9902,3522659588
937,863.6314,873.384,863.6314,869.2097,869.2097,3533509737
938,875.385,887.0356,875.385,883.7738,883.7738,3641811465
939,876.8109,881.7659,875.2758,880.2565,880.2565,3072636504
940,878.2545,881.2557,877.0821,878.4502,878.4502,3972696951
941,872.6782,872.6782,858.2223,859.4662,859.4662,3974475419
942,864.4725,869.0619,863.0199,863.8878,863.8878,3453192115
943,862.9914,865.3371,850.2697,850.5263,850.5263,4210714653
944,855.1719,866.6668,849.4987,863.0716,863.0716,3612771698
945,860.6214,861.9413,846.7884,851.0471,851.0471,3795630896
946,859.531,871.3693,859.531,866.6807,866.6807,3398647031
947,854.9202,864.0244,849.1648,863.6246,863.6246,3395050849
948,870.3965,879.5775,870.3965,873.5792,873.5792,3720693856
949,871.8584,872.9487,867.844,868.857,868.857,3310132341
950,869.1384,875.1712,864.2134,864.3324,864.3324,2930282461
951,868.0833,869.391,862.8728,864.5739,864.5739,3200005656
952,865.8311,868.7835,860.2503,866.9814,866.9814,3610269707
953,873.1304,883.6754,873.1304,883.3828,883.3828,2889420663
954,879.4936,885.056,879.4936,884.1761,884.1761,3715583770
955,882.4153,887.3633,879.2029,886.9106,886.9106,3378378728
956,890.6067,895.1733,890.4226,895.0208,895.0208,2953385744
957,895.3489,898.6043,895.345,897.6781,897.6781,3143986538
958,898.7794,902.5868,897.7184,902.2576,902.2576,3754876139
959,900.1724,902.8554,895.7924,899.9308,899.9308,3079118898
960,904.0048,907.7629,900.763,906.5439,906.5439,3768948734
961,903.363,907.2774,901.4847,902.5936,902.5936,3165720563
962,909.794,910.658,904.121,904.125,904.125,3618297530
963,908.7902,915.7034,908.7902,915.4784,915.4784,3759361882
964,910.5534,917.5644,909.502,917.0268,917.0268,3650898818
965,910.0161,911.9345,906.945,910.6181,910.6181,3654231448
966,915.6148,919.9435,915.6148,919.0504,919.0504,3591980807
967,914.4466,920.9258,912.5785,920.3551,920.3551,3876302564
968,922.3315,926.3013,922.2642,925.7198,925.7198,4201307591
969,930.7421,934.5529,927.1889,930.3995,930.3995,3984369038
970,935.8479,938.5231,934.4366,935.8917,935.8917,3860571251
971,931.9948,932.2482,924.7919,927.639,927.639,3965398769
972,923.3145,926.199,915.5251,918.6586,918.6586,4242490428
973,923.9565,924.9797,921.7593,921.9497,921.9497,3471861026
974,917.1664,923.7134,916.2857,922.6061,922.6061,3678794253
975,927.6633,929.2697,924.4111,926.3774,926.3774,3197065226
976,927.5049,934.5473,927.5049,931.7624,931.7624,3492597472
977,932.8454,932.8454,929.4545,930.2997,930.2997,3597184751
978,929.6887,931.2866,924.1628,930.4442,930.4442,3732920753
979,929.0166,930.8536,926.2109,926.9488,926.9488,3947227612
980,931.303,937.5941,925.4072,925.5594,925.5594,4139561415
981,921.3848,925.5029,916.2998,923.7915,923.7915,4131698450
982,931.2833,936.6789,928.1185,936.398,936.398,3023487414
983,922.49,922.49,906.8273,908.6447,908.6447,3069322739
984,916.1047,924.8526,915.4139,921.3534,921.3534,3768249289
985,920.5342,921.6789,904.6142,906.0029,906.0029,6042319704
986,909.0635,918.9623,890.7847,891.3318,891.3318,4872409174
987,894.5965,912.6146,894.5965,908.9685,908.9685,4440197302
988,911.5455,915.2277,892.8021,901.4041,901.4041,4976579442
989,903.4461,916.2041,901.8848,912.0468,912.0468,4240356317
990,921.1043,933.4473,921.1043,931.9977,931.9977,4100436172
991,926.3254,929.1296,923.0987,928.3693,928.3693,3908774764
992,930.5489,931.3939,925.5857,925.8774,925.8774,3861797874
993,930.7989,935.9476,927.3439,935.6399,935.6399,3453407164
994,926.7622,926.7622,918.3609,918.6305,918.6305,3582547602
995,915.8171,919.2649,908.6234,914.0615,914.0615,4079823550
996,920.1731,935.2842,915.1639,934.7385,934.7385,4466134395
997,933.8383,936.3832,920.5327,923.8531,923.8531,4416015290
998,922.9035,925.7203,912.5329,916.5835,916.5835,7374459453
999,908.5072,908.5072,897.2596,904.5706,904.5706,4102913712
1000,906.3442,917.4256,904.0167,917.0488,917.0488,3626269649
1001,916.3528,925.6752,915.401,925.4565,925.4565,3117498785
1002,927.335,934.5859,927.335,931.6386,931.6386,2547439775
1003,934.5497,945.9009,934.5497,945.8417,945.8417,2458933734
1004,948.7562,951.0373,945.6995,946.9479,946.9479,2403439213
1005,951.3001,954.3634,949.2023,952.1782,952.1782,2740743534
1006,956.1087,959.0403,952.3395,953.0175,953.0175,2583441142
1007,943.8497,946.1465,941.9799,942.065,942.065,2553968228
